"","baseMean","log2FoldChange","lfcSE","stat","pvalue","padj","miRNA"
"hsa-mir-1273h_hsa-miR-1273h-5p",33.7493728098789,1.21306557476926,0.292191632874897,4.15160955443456,3.30145158681301e-05,0.0207331159651857,"hsa-miR-1273h-5p"
"hsa-mir-4433_hsa-miR-4433-5p",332.305472374682,1.60059693487664,0.356468311163421,4.49015209697798,7.11723339752165e-06,0.00893924514728719,"hsa-miR-4433-5p"
